entropy,error
3.639924445680306495730849603907185351082118168945727016443079874947300204597679005296126137423430301680970403713863938640240310482611484985329884856706,5.40593797098677959003e-39
